time,battery_voltage,humidity,motion,temperature
2025-09-19 18:00:32.235574308+00:00,3.085,59.9,10866,26.91
2025-09-19 18:03:44.717599573+00:00,3.084,59.8,10870,26.89
2025-09-19 18:09:17.100430013+00:00,3.083,60.2,10872,26.88
2025-09-19 18:14:00.643433458+00:00,3.084,60.4,10877,26.88
2025-09-19 18:23:03.366762738+00:00,3.083,61.1,10877,26.89
2025-09-19 18:53:02.792987772+00:00,3.085,61.6,10877,26.77
2025-09-19 18:55:57.012994392+00:00,3.082,61.2,10878,26.79
2025-09-19 19:08:30.911106922+00:00,3.085,60.4,10880,26.73
2025-09-19 19:23:02.303556477+00:00,3.084,61.3,10891,26.65
2025-09-19 19:32:41.144033734+00:00,3.084,61.7,10892,26.58
2025-09-19 19:53:01.751217298+00:00,3.085,62.4,10901,26.44
2025-09-19 20:23:01.337354548+00:00,3.085,63.1,10901,26.31
2025-09-19 20:53:00.733833025+00:00,3.086,64.5,10901,26.39
2025-09-19 21:04:37.585639378+00:00,3.084,64.9,10902,26.4
2025-09-19 21:06:43.981642180+00:00,3.084,65.0,10928,26.39
2025-09-19 21:08:45.787654723+00:00,3.084,65.0,10954,26.41
2025-09-19 21:10:45.958497805+00:00,3.084,64.9,10976,26.4
2025-09-19 21:12:51.089241573+00:00,3.086,65.0,10997,26.41
2025-09-19 21:14:51.242890002+00:00,3.084,65.1,11016,26.41
2025-09-19 21:16:53.523013027+00:00,3.085,65.2,11041,26.43
2025-09-19 21:18:53.963784004+00:00,3.085,65.1,11067,26.41
2025-09-19 21:21:19.849838316+00:00,3.084,65.1,11080,26.44
2025-09-19 21:23:00.279097322+00:00,3.084,65.3,11101,26.44
2025-09-19 21:23:50.289088193+00:00,3.083,65.0,11103,26.46
2025-09-19 21:25:51.158708755+00:00,3.085,65.1,11125,26.43
2025-09-19 21:28:11.953078591+00:00,3.084,65.1,11149,26.44
2025-09-19 21:30:12.868011473+00:00,3.085,64.9,11173,26.44
2025-09-19 21:32:16.667803896+00:00,3.085,66.1,11201,26.47
2025-09-19 21:34:17.473909066+00:00,3.084,64.9,11225,26.47
2025-09-19 21:36:19.838812611+00:00,3.084,64.8,11247,26.46
2025-09-19 21:38:23.627692793+00:00,3.084,64.9,11271,26.46
2025-09-19 21:40:26.532588818+00:00,3.083,65.0,11298,26.47
2025-09-19 21:42:26.988285391+00:00,3.084,65.4,11320,26.44
2025-09-19 21:44:31.725566955+00:00,3.083,65.5,11332,26.49
2025-09-19 21:46:32.555215457+00:00,3.083,65.5,11356,26.46
2025-09-19 21:48:34.430781458+00:00,3.085,65.5,11378,26.47
2025-09-19 21:50:42.368293962+00:00,3.084,65.7,11387,26.5
2025-09-19 21:52:59.643293453+00:00,3.084,65.9,11390,26.49
2025-09-19 21:54:00.480698356+00:00,3.083,65.9,11391,26.5
2025-09-19 21:56:01.780824107+00:00,3.086,66.1,11416,26.49
2025-09-19 21:58:03.148395276+00:00,3.083,66.2,11441,26.44
2025-09-19 22:00:06.445123300+00:00,3.084,66.5,11456,26.46
2025-09-19 22:02:08.377382874+00:00,3.083,66.4,11474,26.46
2025-09-19 22:04:17.191522376+00:00,3.084,66.2,11490,26.46
2025-09-19 22:06:25.397686425+00:00,3.084,65.8,11512,26.46
2025-09-19 22:08:29.086881509+00:00,3.084,65.8,11525,26.46
2025-09-19 22:12:35.094426246+00:00,3.085,65.2,11565,26.49
2025-09-19 22:14:42.341893251+00:00,3.084,64.6,11584,26.49
2025-09-19 22:16:42.456319759+00:00,3.083,64.5,11607,26.51
2025-09-19 22:18:44.319306504+00:00,3.083,64.5,11630,26.5
2025-09-19 22:20:45.961034348+00:00,3.084,64.8,11641,26.5
2025-09-19 22:22:59.166158222+00:00,3.082,65.1,11646,26.53
2025-09-19 22:23:06.196633774+00:00,3.084,65.1,11647,26.51
2025-09-19 22:25:40.506735802+00:00,3.085,65.2,11661,26.51
2025-09-19 22:28:01.671026832+00:00,3.084,64.9,11672,26.55
2025-09-19 22:30:03.070561979+00:00,3.083,64.5,11685,26.55
2025-09-19 22:32:03.521398557+00:00,3.084,64.8,11695,26.54
2025-09-19 22:34:08.107448398+00:00,3.083,64.9,11720,26.57
2025-09-19 22:39:54.854461959+00:00,3.084,65.0,11736,26.62
2025-09-19 22:50:08.115002606+00:00,3.084,64.9,11741,26.64
2025-09-19 22:52:58.642751343+00:00,3.083,65.3,11748,26.67
2025-09-19 22:53:06.043086847+00:00,3.083,65.3,11749,26.67
2025-09-19 22:55:49.928500467+00:00,3.084,65.6,11750,26.68
2025-09-19 22:59:37.461665145+00:00,3.083,65.8,11752,26.73
2025-09-19 23:14:02.126671943+00:00,3.084,65.5,11772,26.78
2025-09-19 23:18:18.444781334+00:00,3.084,65.5,11773,26.79
2025-09-19 23:20:44.775498579+00:00,3.085,65.5,11790,26.75
2025-09-19 23:22:58.126258363+00:00,3.085,65.5,11790,26.77
2025-09-19 23:23:23.707007530+00:00,3.083,65.5,11791,26.74
2025-09-19 23:52:57.586236336+00:00,3.084,65.3,11791,26.57
2025-09-20 00:14:10.857171695+00:00,3.085,65.7,11792,26.41
2025-09-20 00:16:25.318111590+00:00,3.083,65.8,11794,26.39
2025-09-20 00:22:57.042525036+00:00,3.084,66.2,11798,26.34
2025-09-20 00:52:56.510621263+00:00,3.084,66.4,11798,26.16
2025-09-20 01:22:56.028282577+00:00,3.084,66.7,11798,26.02
2025-09-20 01:52:55.499244140+00:00,3.084,66.3,11798,25.91
2025-09-20 02:22:55.000239430+00:00,3.085,67.2,11798,25.79
2025-09-20 02:52:54.449471945+00:00,3.085,66.3,11798,25.75
2025-09-20 02:56:40.828177989+00:00,3.085,66.3,11799,25.72
2025-09-20 03:22:53.902680148+00:00,3.085,66.5,11799,25.68
2025-09-20 03:25:39.469576244+00:00,3.085,66.2,11800,25.63
2025-09-20 03:38:29.422452455+00:00,3.084,66.3,11802,25.6
2025-09-20 03:52:53.362594508+00:00,3.083,66.5,11802,25.58
2025-09-20 04:22:52.831134171+00:00,3.085,66.2,11802,25.45
2025-09-20 04:52:52.372205236+00:00,3.083,65.8,11802,25.4
2025-09-20 04:57:08.942461276+00:00,3.085,65.2,11803,25.36
2025-09-20 05:03:30.139218390+00:00,3.084,65.1,11804,25.34
2025-09-20 05:22:51.832675794+00:00,3.084,64.8,11804,25.3
2025-09-20 05:25:48.594151972+00:00,3.085,65.0,11805,25.29
2025-09-20 05:36:36.040354002+00:00,3.085,65.1,11813,25.26
2025-09-20 05:43:38.418090914+00:00,3.085,65.2,11816,25.27
2025-09-20 05:52:30.825315149+00:00,3.085,64.9,11817,25.24
2025-09-20 05:52:51.259695327+00:00,3.086,64.9,11818,25.26
2025-09-20 05:54:39.890543369+00:00,3.086,65.2,11826,25.24
2025-09-20 05:57:36.732464896+00:00,3.083,65.1,11829,25.23
2025-09-20 06:22:50.730605603+00:00,3.084,65.1,11838,25.21
2025-09-20 06:43:31.950304483+00:00,3.085,65.0,11839,25.16
2025-09-20 06:52:44.593322885+00:00,3.083,65.4,11847,25.1
2025-09-20 06:52:51.637109760+00:00,3.084,65.3,11848,25.12
2025-09-20 07:00:40.928468920+00:00,3.085,64.7,11849,24.81
2025-09-20 07:02:41.922477540+00:00,3.085,65.1,11859,24.74
2025-09-20 07:05:24.857918920+00:00,3.085,65.5,11861,24.66
2025-09-20 07:09:08.435666364+00:00,3.086,66.0,11863,24.58
2025-09-20 07:17:09.383327386+00:00,3.084,66.3,11866,24.66
2025-09-20 07:22:22.165645440+00:00,3.085,66.3,11867,24.69
2025-09-20 07:22:49.684120164+00:00,3.085,66.2,11867,24.69
2025-09-20 07:25:03.508363998+00:00,3.084,66.3,11868,24.72
2025-09-20 07:27:08.834955569+00:00,3.085,66.5,11890,24.74
2025-09-20 07:29:38.331120258+00:00,3.085,66.8,11892,24.75
2025-09-20 07:33:04.494820040+00:00,3.087,66.8,11899,24.78
2025-09-20 07:35:04.568920665+00:00,3.086,66.7,11906,24.78
2025-09-20 07:37:17.380882355+00:00,3.084,66.8,11924,24.76
2025-09-20 07:39:40.308966302+00:00,3.085,66.9,11935,24.76
2025-09-20 07:41:53.634801390+00:00,3.086,66.8,11947,24.76
2025-09-20 07:47:08.416855626+00:00,3.084,66.7,11960,24.75
2025-09-20 07:49:10.841851258+00:00,3.085,66.7,11961,24.81
2025-09-20 07:51:13.559861718+00:00,3.084,66.5,11969,24.78
2025-09-20 07:52:49.205184581+00:00,3.085,66.6,11977,24.79
2025-09-20 07:53:23.743693015+00:00,3.084,66.5,11979,24.76
2025-09-20 08:00:31.111058025+00:00,3.085,66.4,11987,24.76
2025-09-20 08:02:56.985874535+00:00,3.083,66.4,11997,24.78
2025-09-20 08:05:11.767939104+00:00,3.085,66.5,12009,24.78
2025-09-20 08:08:39.996767915+00:00,3.085,66.4,12013,24.79
2025-09-20 08:10:41.991626402+00:00,3.085,66.5,12030,24.79
2025-09-20 08:13:18.803345145+00:00,3.085,66.8,12034,24.83
2025-09-20 08:19:57.172449457+00:00,3.084,67.1,12053,24.83
2025-09-20 08:22:07.678043239+00:00,3.084,67.3,12064,24.89
2025-09-20 08:22:48.678808116+00:00,3.083,67.2,12066,24.89
2025-09-20 08:24:54.684115834+00:00,3.083,67.1,12069,24.9
2025-09-20 08:30:41.782559421+00:00,3.084,67.3,12077,24.93
2025-09-20 08:32:42.613670719+00:00,3.084,67.2,12092,24.96
2025-09-20 08:34:56.280223243+00:00,3.086,67.2,12106,24.97
2025-09-20 08:37:02.429439671+00:00,3.086,67.3,12115,25.02
2025-09-20 08:39:07.040875985+00:00,3.083,67.2,12130,25.03
2025-09-20 08:41:08.559594549+00:00,3.085,67.3,12144,25.08
2025-09-20 08:43:17.971807082+00:00,3.084,67.3,12157,25.1
2025-09-20 08:45:25.246208220+00:00,3.083,67.3,12172,25.12
2025-09-20 08:47:26.049352482+00:00,3.082,67.3,12184,25.14
2025-09-20 08:50:53.229232682+00:00,3.083,67.6,12188,25.2
2025-09-20 08:52:48.124901033+00:00,3.084,67.7,12201,25.21
2025-09-20 08:52:55.149472588+00:00,3.084,67.7,12202,25.2
2025-09-20 08:58:54.288474877+00:00,3.083,67.8,12204,25.27
2025-09-20 09:05:08.311538308+00:00,3.083,68.2,12205,25.31
2025-09-20 09:09:27.819872540+00:00,3.084,68.5,12212,25.31
2025-09-20 09:11:39.323369035+00:00,3.084,68.5,12222,25.31
2025-09-20 09:14:06.125674061+00:00,3.086,68.5,12224,25.33
2025-09-20 09:22:47.628740192+00:00,3.085,68.6,12229,25.37
2025-09-20 09:24:17.472848034+00:00,3.084,68.6,12230,25.37
2025-09-20 09:32:00.638789915+00:00,3.083,68.2,12232,25.38
2025-09-20 09:41:52.206791840+00:00,3.084,68.8,12235,25.44
2025-09-20 09:52:47.073490412+00:00,3.083,69.1,12241,25.52
2025-09-20 10:10:25.246114522+00:00,3.082,69.7,12242,25.64
2025-09-20 10:14:09.510335551+00:00,3.084,69.8,12247,25.67
2025-09-20 10:21:20.803359530+00:00,3.084,69.6,12249,25.69
2025-09-20 10:22:46.548904796+00:00,3.084,69.5,12252,25.71
2025-09-20 10:23:50.265295438+00:00,3.084,69.6,12255,25.71
2025-09-20 10:27:21.161562282+00:00,3.083,69.7,12256,25.72
2025-09-20 10:29:58.259089934+00:00,3.085,69.8,12262,25.74
2025-09-20 10:32:06.617015707+00:00,3.084,69.9,12268,25.76
2025-09-20 10:42:47.314367750+00:00,3.085,68.5,12280,25.79
2025-09-20 10:52:46.015986766+00:00,3.085,67.0,12285,25.86
2025-09-20 11:22:45.492479727+00:00,3.085,66.8,12285,25.96
2025-09-20 11:25:52.160643021+00:00,3.083,65.6,12286,25.96
2025-09-20 11:28:47.036235624+00:00,3.086,66.4,12298,25.99
2025-09-20 11:41:53.717199411+00:00,3.084,66.0,12302,25.99
2025-09-20 11:52:44.964657838+00:00,3.085,67.8,12303,26.06
2025-09-20 11:54:24.997682873+00:00,3.083,67.8,12304,26.06
2025-09-20 11:56:25.206017193+00:00,3.083,68.3,12324,26.06
2025-09-20 11:59:25.349488157+00:00,3.085,66.4,12333,26.11
2025-09-20 12:01:25.801412954+00:00,3.084,68.5,12336,26.15
2025-09-20 12:03:27.569915754+00:00,3.084,67.4,12362,26.2
2025-09-20 12:05:30.829995317+00:00,3.084,68.9,12389,26.2
2025-09-20 12:07:31.660877236+00:00,3.085,64.9,12413,26.26
2025-09-20 12:16:47.448568764+00:00,3.082,65.2,12432,26.3
2025-09-20 12:22:44.488497762+00:00,3.083,65.6,12436,26.3
2025-09-20 12:25:36.951252274+00:00,3.083,64.8,12437,26.3
2025-09-20 12:52:43.950233632+00:00,3.082,62.6,12437,26.33
2025-09-20 13:22:43.436918108+00:00,3.084,60.9,12437,26.43
2025-09-20 13:52:42.879174663+00:00,3.085,61.9,12437,26.54
2025-09-20 14:22:42.338693723+00:00,3.084,60.6,12437,26.57
2025-09-20 14:52:41.839827694+00:00,3.083,61.7,12437,26.55
2025-09-20 15:22:41.346007708+00:00,3.084,60.9,12437,26.49
2025-09-20 15:52:40.830400761+00:00,3.083,61.5,12437,26.44
2025-09-20 16:22:40.300228671+00:00,3.085,62.2,12437,26.43
2025-09-20 16:43:35.845918415+00:00,3.084,61.4,12438,26.41
2025-09-20 16:46:16.928316577+00:00,3.084,60.8,12451,26.37
2025-09-20 16:52:39.774063335+00:00,3.085,61.3,12459,26.39
2025-09-20 17:22:39.251446634+00:00,3.086,62.0,12459,26.33
2025-09-20 17:47:41.959060757+00:00,3.085,62.9,12460,26.19
2025-09-20 17:52:38.701465869+00:00,3.084,62.8,12464,26.12
2025-09-20 18:12:51.899189550+00:00,3.085,63.1,12465,26.06
2025-09-20 18:20:49.038542600+00:00,3.084,62.7,12468,26.03
2025-09-20 18:22:38.177129434+00:00,3.083,62.4,12472,26.06
2025-09-20 18:52:37.643989690+00:00,3.083,62.6,12472,25.86
2025-09-20 19:22:37.107708395+00:00,3.085,61.8,12472,25.72
2025-09-20 19:52:36.629447780+00:00,3.084,62.6,12472,25.57
2025-09-20 19:58:07.250156246+00:00,3.083,62.7,12473,25.54
2025-09-20 20:01:10.759636469+00:00,3.083,62.8,12478,25.52
2025-09-20 20:15:30.393472355+00:00,3.083,63.3,12481,25.54
2025-09-20 20:17:55.028036493+00:00,3.084,64.2,12483,25.56
2025-09-20 20:22:36.081943181+00:00,3.085,64.8,12485,25.56
2025-09-20 20:47:54.763581297+00:00,3.083,65.1,12486,25.6
2025-09-20 20:50:01.843785814+00:00,3.084,65.0,12496,25.57
2025-09-20 20:52:35.536169517+00:00,3.083,65.0,12498,25.61
2025-09-20 20:54:31.147800029+00:00,3.084,64.9,12499,25.6
2025-09-20 20:57:19.009757948+00:00,3.084,64.9,12508,25.6
2025-09-20 20:59:26.506166698+00:00,3.085,64.8,12522,25.63
2025-09-20 21:01:30.018227829+00:00,3.085,64.8,12529,25.63
2025-09-20 21:03:30.886782778+00:00,3.083,64.7,12540,25.63
2025-09-20 21:05:30.946948125+00:00,3.084,64.6,12549,25.64
2025-09-20 21:07:56.059245099+00:00,3.085,64.5,12556,25.65
2025-09-20 21:10:06.625557503+00:00,3.084,64.5,12559,25.64
2025-09-20 21:13:05.215812633+00:00,3.085,64.5,12564,25.64
2025-09-20 21:15:08.095689099+00:00,3.084,64.8,12582,25.63
2025-09-20 21:17:15.499861473+00:00,3.084,66.5,12592,25.65
2025-09-20 21:19:23.521096106+00:00,3.083,67.2,12598,25.67
2025-09-20 21:22:08.661064844+00:00,3.083,67.4,12607,25.67
2025-09-20 21:22:35.019478978+00:00,3.083,67.6,12608,25.68
2025-09-20 21:25:07.541702635+00:00,3.084,67.7,12612,25.69
2025-09-20 21:33:39.788472573+00:00,3.084,67.6,12616,25.69
2025-09-20 21:39:21.916096054+00:00,3.085,67.3,12622,25.72
2025-09-20 21:43:07.303643367+00:00,3.084,67.1,12625,25.71
2025-09-20 21:45:49.038228011+00:00,3.085,67.3,12629,25.69
2025-09-20 21:48:03.435177960+00:00,3.083,67.3,12640,25.68
2025-09-20 21:50:21.037831915+00:00,3.084,65.7,12658,25.69
2025-09-20 21:52:34.493580922+00:00,3.084,65.8,12667,25.69
2025-09-20 21:55:46.591730427+00:00,3.084,65.8,12668,25.71
2025-09-20 22:12:24.118317846+00:00,3.085,65.4,12671,25.68
2025-09-20 22:14:30.681430026+00:00,3.083,65.4,12676,25.71
2025-09-20 22:22:34.010546814+00:00,3.084,65.0,12678,25.69
2025-09-20 22:52:33.444920054+00:00,3.083,64.6,12684,25.68
2025-09-20 23:22:32.924330509+00:00,3.083,64.5,12684,25.54
2025-09-20 23:25:15.425440621+00:00,3.085,64.4,12685,25.57
2025-09-20 23:27:48.637653055+00:00,3.083,64.4,12688,25.57
2025-09-20 23:30:08.611772725+00:00,3.083,64.5,12690,25.57
2025-09-20 23:32:36.453477134+00:00,3.083,64.2,12704,25.54
2025-09-20 23:36:32.660919238+00:00,3.084,64.0,12714,25.54
2025-09-20 23:39:41.957312382+00:00,3.086,64.0,12715,25.51
2025-09-20 23:46:53.596801156+00:00,3.084,64.1,12719,25.47
2025-09-20 23:52:32.427033214+00:00,3.083,64.3,12725,25.45
2025-09-20 23:55:12.228782906+00:00,3.084,64.2,12726,25.44
2025-09-21 00:03:02.534505533+00:00,3.083,64.1,12735,25.38
2025-09-21 00:06:31.017093764+00:00,3.084,64.0,12740,25.4
2025-09-21 00:08:44.015083174+00:00,3.084,64.1,12750,25.4
2025-09-21 00:12:13.428882344+00:00,3.085,64.0,12752,25.37
2025-09-21 00:15:05.479121249+00:00,3.084,64.0,12755,25.36
2025-09-21 00:20:52.670415371+00:00,3.083,64.8,12764,25.36
2025-09-21 00:22:31.910902059+00:00,3.084,65.0,12779,25.4
2025-09-21 00:22:59.126301150+00:00,3.084,65.0,12782,25.36
2025-09-21 00:26:41.719352377+00:00,3.085,65.1,12790,25.4
2025-09-21 00:29:25.984327311+00:00,3.084,65.1,12793,25.41
2025-09-21 00:33:43.817082876+00:00,3.084,65.0,12798,25.4
2025-09-21 00:38:22.804258116+00:00,3.084,64.9,12801,25.41
2025-09-21 00:52:31.345232458+00:00,3.084,64.0,12806,25.33
2025-09-21 01:22:30.821385788+00:00,3.084,64.3,12806,25.31
2025-09-21 01:52:30.353492838+00:00,3.084,64.6,12806,25.23
2025-09-21 02:22:29.799648347+00:00,3.084,64.3,12806,25.21
2025-09-21 02:24:27.574014597+00:00,3.084,64.5,12807,25.2
2025-09-21 02:52:29.285517136+00:00,3.085,64.3,12807,25.17
2025-09-21 03:22:28.758626422+00:00,3.083,64.7,12807,25.09
2025-09-21 03:52:28.236025879+00:00,3.083,65.2,12807,25.05
2025-09-21 04:08:51.360794107+00:00,3.085,65.1,12808,24.93
2025-09-21 04:22:27.711936707+00:00,3.084,65.4,12809,24.87
2025-09-21 04:52:27.186470993+00:00,3.086,66.0,12809,24.75
2025-09-21 04:55:12.513937798+00:00,3.083,66.0,12810,24.75
2025-09-21 05:22:26.655395120+00:00,3.084,66.9,12819,24.76
2025-09-21 05:40:05.650374584+00:00,3.085,67.2,12820,24.78
2025-09-21 05:47:59.851656492+00:00,3.085,66.9,12821,24.78
2025-09-21 05:52:26.150440954+00:00,3.085,67.0,12821,24.76
2025-09-21 06:22:25.603133244+00:00,3.084,66.2,12821,24.72
2025-09-21 06:52:25.054072473+00:00,3.084,66.2,12821,24.66
2025-09-21 07:09:08.589060828+00:00,3.086,66.6,12822,24.65
2025-09-21 07:13:38.392078243+00:00,3.086,66.8,12836,24.69
2025-09-21 07:17:33.918300184+00:00,3.085,66.6,12840,24.71
2025-09-21 07:20:01.544636395+00:00,3.083,66.8,12853,24.74
2025-09-21 07:22:24.533697352+00:00,3.084,66.8,12859,24.74
2025-09-21 07:23:41.422757145+00:00,3.085,66.8,12860,24.75
2025-09-21 07:26:05.391642347+00:00,3.083,66.8,12863,24.75
2025-09-21 07:28:10.241803872+00:00,3.085,66.8,12869,24.78
2025-09-21 07:30:20.971656612+00:00,3.086,67.0,12875,24.78
2025-09-21 07:32:38.750664245+00:00,3.084,67.1,12885,24.83
2025-09-21 07:34:40.225437425+00:00,3.085,67.0,12894,24.85
2025-09-21 07:39:50.245387632+00:00,3.084,67.0,12902,24.87
2025-09-21 07:46:53.479491611+00:00,3.085,66.7,12915,24.95
2025-09-21 07:52:23.994194810+00:00,3.083,66.5,12925,24.95
2025-09-21 08:13:46.152286026+00:00,3.084,67.1,12929,25.13
2025-09-21 08:40:29.781285714+00:00,3.085,66.7,12932,25.37
2025-09-21 08:47:46.886318486+00:00,3.084,66.7,12936,25.42
2025-09-21 08:52:23.008707091+00:00,3.085,66.8,12936,25.5
2025-09-21 08:52:59.155494609+00:00,3.084,66.7,12937,25.47
2025-09-21 08:56:28.271527480+00:00,3.084,66.6,12940,25.52
2025-09-21 09:00:32.005272289+00:00,3.084,66.7,12945,25.54
2025-09-21 09:02:45.246827853+00:00,3.085,66.8,12953,25.57
2025-09-21 09:04:55.468337940+00:00,3.084,66.7,12956,25.57
2025-09-21 09:06:56.378470655+00:00,3.084,66.5,12958,25.6
2025-09-21 09:08:57.420158351+00:00,3.083,66.6,12968,25.61
2025-09-21 09:13:36.131775933+00:00,3.083,66.0,12980,25.65
2025-09-21 09:15:51.123607375+00:00,3.083,66.7,13001,25.68
2025-09-21 09:22:22.430702526+00:00,3.085,67.1,13001,25.72
2025-09-21 09:22:29.459352619+00:00,3.084,67.0,13003,25.68
2025-09-21 09:28:51.071245933+00:00,3.084,67.2,13006,25.65
2025-09-21 09:32:18.680198622+00:00,3.084,67.4,13016,25.71
2025-09-21 09:35:06.122229192+00:00,3.084,67.2,13017,25.72
2025-09-21 09:52:21.940544414+00:00,3.084,67.6,13019,25.96
2025-09-21 10:22:21.410945667+00:00,3.083,67.9,13019,26.3
2025-09-21 10:45:32.575639017+00:00,3.084,67.9,13020,26.46
2025-09-21 10:49:48.939840719+00:00,3.084,67.7,13021,26.44
2025-09-21 10:53:02.490121349+00:00,3.084,67.9,13032,26.44
2025-09-21 10:55:03.396691966+00:00,3.083,68.1,13047,26.44
2025-09-21 10:57:07.322256277+00:00,3.084,67.9,13052,26.47
2025-09-21 10:59:27.488309907+00:00,3.084,67.5,13057,26.5
2025-09-21 11:10:13.561555789+00:00,3.083,66.6,13062,26.49
2025-09-21 11:13:33.572781968+00:00,3.082,65.6,13065,26.49
2025-09-21 11:15:38.533444029+00:00,3.081,65.3,13068,26.53
2025-09-21 11:19:02.045349257+00:00,3.083,65.5,13070,26.55
2025-09-21 11:22:20.365192140+00:00,3.084,65.4,13072,26.61
2025-09-21 11:22:40.536459349+00:00,3.086,65.2,13073,26.61
2025-09-21 11:24:41.924077263+00:00,3.083,65.4,13075,26.57
2025-09-21 11:28:07.044475405+00:00,3.086,65.5,13078,26.58
2025-09-21 11:32:33.066558598+00:00,3.085,64.9,13079,26.6
2025-09-21 11:35:14.497073211+00:00,3.083,64.9,13087,26.61
2025-09-21 11:44:46.737049121+00:00,3.085,64.0,13089,26.61
2025-09-21 12:17:32.778904719+00:00,3.084,63.2,13094,26.96
2025-09-21 12:20:44.349001971+00:00,3.084,60.2,13095,26.98
2025-09-21 12:22:19.312800271+00:00,3.084,61.2,13098,27.02
2025-09-21 12:24:46.691608392+00:00,3.085,59.8,13099,27.02
2025-09-21 12:26:51.078065214+00:00,3.083,60.8,13106,27.05
2025-09-21 12:40:28.717967215+00:00,3.084,59.7,13110,27.09
2025-09-21 12:58:00.938567265+00:00,3.085,57.6,13114,27.39
2025-09-21 13:22:18.276399601+00:00,3.084,57.5,13116,27.3
2025-09-21 13:22:57.924948760+00:00,3.084,57.5,13117,27.29
2025-09-21 13:37:02.719790114+00:00,3.084,55.1,13131,27.22
2025-09-21 13:52:17.750750022+00:00,3.085,57.4,13132,27.09
2025-09-21 14:01:30.164341209+00:00,3.084,64.5,13133,26.6
2025-09-21 14:03:55.515877458+00:00,3.085,66.1,13137,26.26
2025-09-21 14:06:02.816594334+00:00,3.084,67.0,13145,26.06
2025-09-21 14:08:04.359106080+00:00,3.085,67.8,13160,26.09
2025-09-21 14:15:36.440501841+00:00,3.084,67.6,13166,26.18
2025-09-21 14:17:38.044564864+00:00,3.084,67.8,13185,26.13
2025-09-21 14:19:39.764193664+00:00,3.086,68.3,13208,26.13
2025-09-21 14:21:54.208682140+00:00,3.083,68.0,13229,26.12
2025-09-21 14:22:17.227307635+00:00,3.084,67.9,13234,26.13
2025-09-21 14:23:58.184699465+00:00,3.083,67.3,13248,26.12
2025-09-21 14:28:01.136563039+00:00,3.085,66.6,13295,26.09
2025-09-21 14:30:03.902521874+00:00,3.085,66.3,13317,26.09
2025-09-21 14:32:09.529787242+00:00,3.084,66.2,13333,26.07
2025-09-21 14:41:26.370987899+00:00,3.083,67.2,13334,26.03
2025-09-21 14:51:17.950044102+00:00,3.084,68.0,13344,26.06
2025-09-21 14:52:16.666913117+00:00,3.084,68.4,13355,26.05
2025-09-21 14:56:54.359659589+00:00,3.084,68.3,13362,26.07
2025-09-21 14:59:37.146059450+00:00,3.084,68.2,13364,26.13
2025-09-21 15:19:25.793486884+00:00,3.084,69.2,13371,26.13
2025-09-21 15:22:16.193444326+00:00,3.082,68.6,13376,26.07
2025-09-21 15:26:48.159614947+00:00,3.084,69.4,13377,26.07
2025-09-21 15:30:07.611590756+00:00,3.085,69.6,13382,26.06
2025-09-21 15:34:30.733128596+00:00,3.084,69.8,13387,26.06
2025-09-21 15:36:49.095168531+00:00,3.084,70.0,13396,26.06
2025-09-21 15:41:28.113549385+00:00,3.084,70.0,13404,26.06
2025-09-21 15:44:04.767519129+00:00,3.084,70.0,13407,26.06
2025-09-21 15:48:42.400016335+00:00,3.085,70.9,13409,26.03
2025-09-21 15:51:58.052860244+00:00,3.084,71.3,13414,25.99
2025-09-21 15:52:15.648056151+00:00,3.085,71.3,13414,26.0
2025-09-21 15:53:58.155366955+00:00,3.085,71.6,13422,25.93
2025-09-21 16:05:36.189271820+00:00,3.082,72.1,13525,26.02
2025-09-21 16:07:36.425756470+00:00,3.084,72.2,13549,25.99
2025-09-21 16:09:42.187827041+00:00,3.083,71.9,13560,26.02
2025-09-21 16:11:44.750538095+00:00,3.084,71.8,13583,26.03
2025-09-21 16:15:54.933907010+00:00,3.083,72.1,13632,26.05
2025-09-21 16:21:56.927109314+00:00,3.085,72.2,13660,26.06
2025-09-21 16:22:15.107539204+00:00,3.083,72.2,13664,26.07
2025-09-21 16:25:19.274826291+00:00,3.083,72.2,13671,26.07
2025-09-21 16:29:27.076640214+00:00,3.083,72.3,13698,26.09
2025-09-21 16:31:30.485716961+00:00,3.084,72.2,13701,26.07
2025-09-21 16:34:01.288850368+00:00,3.083,72.3,13707,26.12
2025-09-21 16:36:05.566222502+00:00,3.083,72.3,13716,26.09
2025-09-21 16:47:46.853480578+00:00,3.085,71.1,13727,26.13
2025-09-21 16:51:11.239270373+00:00,3.085,70.6,13735,26.15
2025-09-21 16:52:14.600117851+00:00,3.083,70.4,13738,26.13
2025-09-21 16:53:18.733112673+00:00,3.086,70.3,13743,26.15
2025-09-21 16:56:31.023229372+00:00,3.083,70.2,13747,26.13
2025-09-21 16:58:34.742185118+00:00,3.085,70.1,13760,26.12
2025-09-21 17:00:36.263568891+00:00,3.083,70.1,13772,26.13
2025-09-21 17:07:33.631919489+00:00,3.084,68.7,13787,26.07
2025-09-21 17:09:58.521239346+00:00,3.084,68.3,13795,26.09
2025-09-21 17:11:58.638576869+00:00,3.084,68.4,13814,26.06
2025-09-21 17:20:24.059886460+00:00,3.084,68.2,13883,26.09
2025-09-21 17:24:29.418222560+00:00,3.085,68.2,13910,26.11
2025-09-21 17:26:35.537687418+00:00,3.083,67.8,13926,26.11
2025-09-21 17:29:25.414507123+00:00,3.084,68.0,13942,26.11
2025-09-21 18:48:06.592447319+00:00,3.082,65.1,13976,26.39
2025-09-21 18:52:12.464460662+00:00,3.085,65.6,13979,26.4
2025-09-21 19:21:02.772503298+00:00,3.084,64.8,13984,26.33
2025-09-21 19:22:11.947842841+00:00,3.083,65.1,13987,26.31
2025-09-21 19:27:15.085510953+00:00,3.084,64.9,13989,26.34
2025-09-21 19:29:37.630479772+00:00,3.084,64.9,13999,26.33
2025-09-21 19:34:48.280458914+00:00,3.084,64.3,14003,26.31
2025-09-21 19:42:58.903742096+00:00,3.085,63.1,14007,26.33
2025-09-21 19:47:04.736895398+00:00,3.085,63.7,14009,26.24
2025-09-21 19:49:48.658978899+00:00,3.083,63.6,14010,26.22
2025-09-21 20:00:51.506235362+00:00,3.083,64.5,14014,26.24
2025-09-21 20:03:12.414813008+00:00,3.083,64.8,14019,26.29
2025-09-21 20:09:45.685773186+00:00,3.083,65.4,14053,26.23
2025-09-21 20:12:35.402847174+00:00,3.085,65.5,14061,26.24
2025-09-21 20:14:36.051935056+00:00,3.083,65.6,14080,26.24
2025-09-21 20:16:42.490960250+00:00,3.083,65.7,14096,26.24
2025-09-21 20:19:45.759941793+00:00,3.084,65.8,14101,26.23
2025-09-21 20:22:09.249823954+00:00,3.084,65.9,14107,26.24
2025-09-21 20:22:16.262546209+00:00,3.083,65.9,14108,26.23
2025-09-21 20:26:24.676401786+00:00,3.084,64.8,14118,26.23
2025-09-21 20:32:08.269443312+00:00,3.086,63.7,14134,26.23
2025-09-21 20:43:41.402385681+00:00,3.082,64.1,14148,25.91
2025-09-21 20:50:18.432356052+00:00,3.083,64.1,14182,25.82
2025-09-21 20:52:23.096340766+00:00,3.084,64.2,14188,25.84
2025-09-21 20:56:42.115820279+00:00,3.084,64.0,14197,25.85
2025-09-21 20:59:26.844311573+00:00,3.084,64.1,14202,25.82
2025-09-21 21:01:29.967904825+00:00,3.083,64.2,14214,25.81
2025-09-21 21:03:41.486987470+00:00,3.083,64.4,14230,25.79
2025-09-21 21:07:43.519917948+00:00,3.084,64.4,14257,25.76
2025-09-21 21:09:55.275973440+00:00,3.085,64.2,14267,25.76
2025-09-21 21:13:18.163703430+00:00,3.084,64.7,14275,25.74
2025-09-21 21:15:20.620849099+00:00,3.085,64.8,14283,25.75
2025-09-21 21:17:31.744921892+00:00,3.082,65.2,14286,25.79
2025-09-21 21:22:26.693337701+00:00,3.084,65.5,14300,25.88
2025-09-21 21:28:35.633959179+00:00,3.085,65.8,14354,25.95
2025-09-21 21:31:08.512926038+00:00,3.083,65.8,14363,25.98
2025-09-21 21:34:22.956084355+00:00,3.082,66.0,14373,25.98
2025-09-21 21:38:08.228890108+00:00,3.083,65.9,14376,26.0
2025-09-21 21:43:43.017019214+00:00,3.085,65.6,14377,26.05
2025-09-21 21:46:33.990350632+00:00,3.084,65.2,14378,26.05
2025-09-21 21:49:08.787421522+00:00,3.084,65.1,14380,26.06
2025-09-21 21:52:09.371216647+00:00,3.083,65.2,14382,26.07
2025-09-21 21:52:16.393492397+00:00,3.084,65.2,14383,26.06
2025-09-21 21:54:14.995019984+00:00,3.085,65.1,14387,26.05
2025-09-21 21:56:31.099726990+00:00,3.084,65.4,14390,26.06
2025-09-21 21:58:38.053260821+00:00,3.083,65.6,14402,26.07
2025-09-21 22:01:08.669188111+00:00,3.085,65.8,14413,26.09
2025-09-21 22:04:20.094989927+00:00,3.084,65.8,14416,26.07
2025-09-21 22:06:30.505670852+00:00,3.084,66.0,14426,26.09
2025-09-21 22:17:12.178707219+00:00,3.084,65.7,14442,26.11
2025-09-21 22:22:08.803032532+00:00,3.083,65.9,14450,26.11
2025-09-21 22:32:48.705987069+00:00,3.083,66.1,14472,26.11
2025-09-21 22:34:52.507998314+00:00,3.084,65.9,14495,26.11
2025-09-21 22:36:57.194732513+00:00,3.084,65.8,14503,26.15
2025-09-21 22:39:11.465991581+00:00,3.082,65.7,14520,26.12
2025-09-21 22:44:32.753678535+00:00,3.083,65.5,14532,26.12
2025-09-21 22:52:08.270682369+00:00,3.083,65.3,14540,26.12
2025-09-21 22:52:54.532822765+00:00,3.083,65.4,14541,26.15
2025-09-21 22:57:54.180786822+00:00,3.084,65.2,14550,26.13
2025-09-21 23:00:19.489971071+00:00,3.083,65.2,14551,26.12
2025-09-21 23:04:14.268133623+00:00,3.084,65.0,14557,26.13
2025-09-21 23:06:15.235175201+00:00,3.083,65.2,14564,26.15
2025-09-21 23:22:07.793339676+00:00,3.085,64.9,14580,26.13
2025-09-21 23:29:02.168813273+00:00,3.084,65.3,14581,26.06
2025-09-21 23:37:31.342075342+00:00,3.084,65.0,14587,26.07
2025-09-21 23:45:18.125691464+00:00,3.083,66.1,14592,25.44
2025-09-21 23:50:21.413964390+00:00,3.084,67.2,14601,25.21
2025-09-21 23:52:07.222254226+00:00,3.084,67.4,14601,25.2
2025-09-22 00:22:06.702130251+00:00,3.084,69.1,14601,24.79
2025-09-22 00:52:06.173398737+00:00,3.083,68.9,14601,24.92
2025-09-22 01:22:05.677532353+00:00,3.084,68.4,14601,25.36
2025-09-22 01:41:43.225012369+00:00,3.083,68.3,14602,25.41
2025-09-22 01:46:14.124464749+00:00,3.083,68.2,14607,25.45
2025-09-22 01:52:05.176853253+00:00,3.085,68.5,14609,25.47
2025-09-22 02:22:04.608677662+00:00,3.085,67.7,14609,25.58
2025-09-22 02:52:04.114491612+00:00,3.084,67.6,14609,25.64
2025-09-22 03:22:03.567333432+00:00,3.084,67.9,14609,25.6
2025-09-22 03:22:26.500113367+00:00,3.083,68.0,14610,25.6
2025-09-22 03:40:16.963135909+00:00,3.083,68.1,14611,25.63
2025-09-22 03:42:29.381868516+00:00,3.085,68.5,14621,25.64
2025-09-22 03:52:03.042160870+00:00,3.084,68.1,14621,25.61
2025-09-22 04:22:02.513369507+00:00,3.083,67.5,14621,25.56
2025-09-22 04:30:35.454575178+00:00,3.084,67.6,14622,25.56
2025-09-22 04:45:50.784716750+00:00,3.084,67.7,14624,25.58
2025-09-22 04:51:53.610887406+00:00,3.085,67.8,14625,25.6
2025-09-22 04:52:02.022277312+00:00,3.084,67.8,14625,25.6
2025-09-22 04:59:25.679603326+00:00,3.085,67.8,14627,25.6
2025-09-22 05:22:01.453725330+00:00,3.084,67.5,14627,25.5
2025-09-22 05:34:16.515779006+00:00,3.083,67.1,14628,25.51
2025-09-22 05:37:15.690090732+00:00,3.085,67.6,14632,25.5
2025-09-22 05:47:43.542140012+00:00,3.083,67.5,14634,25.38
2025-09-22 05:52:00.970461990+00:00,3.084,68.1,14638,25.37
2025-09-22 05:57:15.562056996+00:00,3.084,68.5,14639,25.34
2025-09-22 05:59:52.936430970+00:00,3.083,68.6,14642,25.33
2025-09-22 06:10:46.029025433+00:00,3.084,68.9,14652,25.37
2025-09-22 06:13:33.780036930+00:00,3.084,68.6,14654,25.36
2025-09-22 06:15:34.281731573+00:00,3.085,68.9,14662,25.36
2025-09-22 06:17:47.992262553+00:00,3.082,68.9,14666,25.34
2025-09-22 06:22:00.429741776+00:00,3.084,69.0,14669,25.31
2025-09-22 06:22:34.018812614+00:00,3.084,69.0,14670,25.3
2025-09-22 06:24:39.040226909+00:00,3.084,69.1,14681,25.31
2025-09-22 06:26:41.408081144+00:00,3.084,69.0,14693,25.29
2025-09-22 06:28:45.746177339+00:00,3.084,69.4,14711,25.3
2025-09-22 06:30:54.563393839+00:00,3.085,69.5,14724,25.26
2025-09-22 06:33:33.469476054+00:00,3.085,68.9,14735,25.26
2025-09-22 06:35:45.957632581+00:00,3.083,69.0,14743,25.27
2025-09-22 06:39:40.134440743+00:00,3.084,68.6,14755,25.27
2025-09-22 06:44:19.548786918+00:00,3.084,67.9,14765,25.24
2025-09-22 06:46:20.085699237+00:00,3.085,67.6,14771,25.23
2025-09-22 06:49:38.522804731+00:00,3.083,67.5,14788,25.23
2025-09-22 06:51:59.879022904+00:00,3.085,67.6,14789,25.21
2025-09-22 06:53:16.308150100+00:00,3.084,67.6,14790,25.2
2025-09-22 06:57:56.397216332+00:00,3.085,67.6,14795,25.17
2025-09-22 07:21:59.389033174+00:00,3.084,67.7,14803,25.1
2025-09-22 07:49:12.787652473+00:00,3.084,67.7,14811,25.24
2025-09-22 07:51:58.845793725+00:00,3.084,68.0,14817,25.29
2025-09-22 07:57:49.366220161+00:00,3.083,68.0,14818,25.34
2025-09-22 07:59:53.707539437+00:00,3.084,67.9,14826,25.4
2025-09-22 08:02:00.393492233+00:00,3.085,67.7,14847,25.52
2025-09-22 08:05:17.099501996+00:00,3.083,66.9,14850,25.69
2025-09-22 08:12:28.476122920+00:00,3.084,66.1,14852,26.09
2025-09-22 08:14:34.495866025+00:00,3.085,65.9,14866,26.18
2025-09-22 08:16:34.998928738+00:00,3.083,65.5,14876,26.3
2025-09-22 08:18:39.480625071+00:00,3.084,65.5,14894,26.37
2025-09-22 08:20:41.255490190+00:00,3.086,65.3,14915,26.49
2025-09-22 08:21:58.365698185+00:00,3.082,65.1,14927,26.51
2025-09-22 08:32:07.201658471+00:00,3.084,64.2,14928,26.92
2025-09-22 08:34:31.158473468+00:00,3.083,64.0,14938,27.05
2025-09-22 08:51:57.835783955+00:00,3.083,64.1,14944,27.32
2025-09-22 09:21:57.249222179+00:00,3.084,63.8,14944,26.82
2025-09-22 09:51:56.826734294+00:00,3.084,65.9,14944,26.82
2025-09-22 10:21:56.224060025+00:00,3.082,65.5,14944,26.77
2025-09-22 11:21:55.188589048+00:00,3.083,65.6,14944,26.85
2025-09-22 11:51:54.642110667+00:00,3.086,64.8,14944,26.94
2025-09-23 09:32:22.202361627+00:00,3.084,64.6,15780,26.81
2025-09-23 09:42:18.736000452+00:00,3.084,64.3,15782,26.75
2025-09-23 09:48:55.177175+00:00,3.085,64.0,15789,26.77
2025-09-23 09:51:31.578167053+00:00,3.084,64.1,15794,26.75
2025-09-23 10:14:27.338265809+00:00,3.085,63.8,15795,26.73
2025-09-23 10:21:31.073655877+00:00,3.085,64.0,15795,26.74
2025-09-23 10:27:42.687017898+00:00,3.085,64.1,15796,26.71
2025-09-23 10:31:59.422071538+00:00,3.085,62.6,15811,26.73
2025-09-23 10:36:27.302366867+00:00,3.085,63.1,15827,26.65
2025-09-23 10:38:41.645810720+00:00,3.085,62.8,15832,26.61
2025-09-23 10:40:48.638735314+00:00,3.084,63.3,15842,26.62
2025-09-23 10:51:30.566743407+00:00,3.086,64.9,15856,26.39
2025-09-23 11:21:30.033456355+00:00,3.084,62.6,15856,26.53
2025-09-23 11:51:29.546265442+00:00,3.085,56.5,15856,26.71
2025-09-23 11:57:03.893286589+00:00,3.085,56.8,15857,26.81
2025-09-23 11:59:20.654487791+00:00,3.085,56.0,15864,26.85
2025-09-23 12:01:22.806315296+00:00,3.084,54.1,15875,26.85
2025-09-23 12:06:11.239131424+00:00,3.086,52.5,15883,26.92
2025-09-23 12:08:35.331720086+00:00,3.084,53.1,15886,26.95
2025-10-09 03:01:35.274256860+00:00,3.079,70.9,7064,23.97
2025-10-09 03:11:35.102816894+00:00,3.078,71.4,7064,23.83
2025-10-09 03:21:34.887149076+00:00,3.079,69.8,7064,23.51
2025-10-09 03:31:34.709892187+00:00,3.078,69.8,7064,23.54
2025-10-09 03:41:34.523338099+00:00,3.079,67.5,7064,23.49
2025-10-09 03:51:34.365438060+00:00,3.078,68.3,7064,23.65
2025-10-09 04:01:34.188833353+00:00,3.079,68.6,7064,23.75
2025-10-09 04:11:34.016504082+00:00,3.08,68.9,7064,23.82
2025-10-09 04:21:33.845682360+00:00,3.08,68.3,7064,23.69
2025-10-09 04:31:33.668357093+00:00,3.079,68.5,7064,23.76
2025-10-09 04:41:33.505926385+00:00,3.078,68.2,7064,23.83
2025-10-09 04:51:33.326857486+00:00,3.079,68.1,7064,23.83
2025-10-09 05:01:33.135951479+00:00,3.079,68.2,7064,23.83
2025-10-09 05:11:32.997205305+00:00,3.079,68.5,7064,23.86
2025-10-09 05:21:32.854649616+00:00,3.078,69.0,7064,23.87
2025-10-09 05:31:32.658653335+00:00,3.079,69.5,7064,23.9
2025-10-09 05:41:32.493082881+00:00,3.079,69.8,7064,23.86
2025-10-09 05:51:32.310192089+00:00,3.081,70.3,7064,23.8
2025-10-09 06:01:32.120965488+00:00,3.08,70.1,7064,23.8
2025-10-09 06:11:31.960535396+00:00,3.079,69.2,7064,23.73
2025-10-09 06:21:31.771410219+00:00,3.079,68.8,7064,23.76
2025-10-09 06:31:31.609300017+00:00,3.076,68.7,7064,23.77
2025-10-09 06:41:31.441063658+00:00,3.079,69.0,7064,23.8
2025-10-09 06:51:31.271189001+00:00,3.077,68.6,7064,23.75
2025-10-09 07:01:31.090053458+00:00,3.078,69.3,7064,23.8
2025-10-09 07:11:30.908388520+00:00,3.078,69.3,7064,23.83
2025-10-09 07:21:30.741473884+00:00,3.08,69.4,7064,23.83
2025-10-09 07:31:30.574566+00:00,3.078,69.8,7064,23.89
2025-10-09 07:41:30.368695341+00:00,3.079,69.1,7064,23.89
2025-10-09 07:51:30.202500441+00:00,3.079,69.3,7064,23.86
2025-10-09 08:01:30.041054887+00:00,3.079,69.9,7064,23.92
2025-10-09 08:11:29.864374155+00:00,3.077,69.6,7064,23.96
2025-10-09 08:21:29.690880996+00:00,3.079,68.5,7064,24.0
2025-10-09 08:31:29.481358216+00:00,3.08,69.5,7064,24.0
2025-10-09 08:41:29.300317477+00:00,3.079,69.6,7064,24.03
2025-10-09 08:51:29.163968763+00:00,3.078,69.3,7064,24.03
2025-10-09 09:01:28.952686004+00:00,3.079,69.6,7064,24.07
2025-10-09 09:11:28.794229923+00:00,3.08,69.4,7064,24.16
2025-10-09 09:21:28.607333657+00:00,3.078,69.6,7064,24.2
2025-10-09 09:31:28.454230277+00:00,3.077,69.9,7064,24.3
2025-10-09 09:41:28.266891270+00:00,3.079,69.7,7064,24.34
2025-10-09 09:51:28.086168737+00:00,3.08,69.8,7064,24.41
2025-10-09 10:01:27.919403969+00:00,3.078,69.7,7064,24.47
2025-10-09 10:11:27.738832827+00:00,3.077,69.4,7064,24.55
2025-10-09 10:21:27.568644484+00:00,3.079,69.2,7064,24.62
2025-10-09 10:31:27.406993006+00:00,3.078,68.5,7064,24.69
2025-10-09 10:41:27.258706728+00:00,3.079,66.8,7064,24.79
2025-10-09 10:51:27.090226745+00:00,3.078,68.1,7064,24.86
2025-10-09 11:01:26.867631369+00:00,3.079,67.3,7064,25.02
2025-10-09 11:31:26.362708269+00:00,3.079,70.2,7064,25.21
2025-10-09 11:41:26.175301957+00:00,3.078,68.4,7064,25.23
2025-10-09 11:51:25.996549915+00:00,3.078,67.4,7064,25.23
2025-10-09 12:01:25.886274505+00:00,3.079,67.0,7064,25.23
2025-10-09 12:11:25.657602943+00:00,3.079,67.0,7064,25.21
2025-10-09 12:31:25.299159803+00:00,3.08,66.5,7064,25.14
2025-10-09 12:41:25.130262802+00:00,3.08,65.6,7064,25.13
2025-10-09 12:51:24.958121214+00:00,3.079,65.9,7064,25.1
2025-10-09 13:01:24.826040013+00:00,3.08,66.1,7064,25.13
2025-10-09 13:11:24.627215502+00:00,3.08,66.6,7064,25.2
2025-10-09 13:21:24.433807911+00:00,3.079,67.2,7064,25.23
2025-10-09 13:31:24.265677035+00:00,3.077,67.5,7064,25.27
2025-10-09 13:41:24.078489079+00:00,3.078,67.3,7064,25.36
2025-10-09 13:51:23.954124380+00:00,3.079,67.8,7064,25.37
2025-10-09 14:01:23.768007911+00:00,3.079,67.7,7064,25.45
2025-10-09 14:11:23.596906+00:00,3.079,67.6,7064,25.48
2025-10-09 14:21:23.406362977+00:00,3.078,67.6,7064,25.56
2025-10-09 14:31:23.235876344+00:00,3.078,66.7,7064,25.58
2025-10-09 14:41:23.069418769+00:00,3.079,66.5,7064,25.64
2025-10-09 14:51:22.906441077+00:00,3.08,65.8,7064,25.63
2025-10-09 15:01:22.727164246+00:00,3.078,65.6,7064,25.65
2025-10-09 15:11:22.543588407+00:00,3.079,65.3,7064,25.69
2025-10-09 15:21:22.371025642+00:00,3.079,65.2,7064,25.72
2025-10-09 15:31:22.207594509+00:00,3.079,65.3,7064,25.72
2025-10-09 15:41:22.046385001+00:00,3.076,65.3,7064,25.72
2025-10-09 15:51:21.854715796+00:00,3.078,65.6,7064,25.76
2025-10-09 16:01:21.668557582+00:00,3.08,65.8,7064,25.75
2025-10-09 16:11:21.512123866+00:00,3.078,65.4,7064,25.78
2025-10-09 16:21:21.323511941+00:00,3.079,65.3,7064,25.78
2025-10-09 16:31:21.135568826+00:00,3.076,65.2,7064,25.82
2025-10-09 16:41:20.949552463+00:00,3.08,64.6,7064,25.81
2025-10-09 16:51:20.936972231+00:00,3.079,64.1,7064,25.81
2025-10-09 17:01:20.601004901+00:00,3.08,64.0,7064,25.82
2025-10-09 17:11:20.435050072+00:00,3.08,64.2,7064,25.82
2025-10-09 17:21:20.257058426+00:00,3.079,63.8,7064,25.82
2025-10-09 17:31:20.120163641+00:00,3.079,63.9,7064,25.81
2025-10-09 17:41:19.946481681+00:00,3.079,64.3,7064,25.81
2025-10-09 17:51:19.767040126+00:00,3.079,64.0,7064,25.76
2025-10-09 18:01:19.587675949+00:00,3.079,63.5,7064,25.76
2025-10-09 18:11:19.418180795+00:00,3.079,63.7,7064,25.75
2025-10-09 18:21:19.215235813+00:00,3.078,64.0,7064,25.71
2025-10-09 18:31:19.041837742+00:00,3.08,64.1,7064,25.67
2025-10-09 18:41:18.867839446+00:00,3.079,64.4,7064,25.64
2025-10-09 18:51:18.732069626+00:00,3.08,64.7,7064,25.54
2025-10-09 19:01:18.559861379+00:00,3.08,65.0,7064,25.56
2025-10-09 19:11:18.376169564+00:00,3.079,65.6,7064,25.56
2025-10-09 19:21:18.198565706+00:00,3.078,65.9,7064,25.6
2025-10-09 19:31:18.026152174+00:00,3.078,66.4,7064,25.56
2025-10-09 19:41:17.849442430+00:00,3.08,66.4,7064,25.57
2025-10-09 19:51:17.649619474+00:00,3.079,66.6,7064,25.6
2025-10-09 20:01:17.508328429+00:00,3.079,66.7,7064,25.6
2025-10-09 20:11:17.326847684+00:00,3.08,66.8,7064,25.61
2025-10-09 20:21:17.158911512+00:00,3.079,67.1,7064,25.64
2025-10-09 20:31:16.978462293+00:00,3.079,67.3,7064,25.69
2025-10-09 20:41:16.793488519+00:00,3.079,67.3,7064,25.65
2025-10-09 20:51:16.615337200+00:00,3.079,67.1,7064,25.64
2025-10-09 21:01:16.433151365+00:00,3.08,67.1,7064,25.65
2025-10-09 21:11:16.274976679+00:00,3.08,67.7,7064,25.68
2025-10-09 21:21:16.084723512+00:00,3.079,68.0,7064,25.68
2025-10-09 21:31:15.931625130+00:00,3.08,67.7,7064,25.68
2025-10-09 21:41:15.735291337+00:00,3.079,68.2,7064,25.67
2025-10-09 21:51:15.564641621+00:00,3.078,69.0,7064,25.68
2025-10-09 22:01:15.418770715+00:00,3.08,68.7,7064,25.68
2025-10-09 22:11:15.236072662+00:00,3.08,68.0,7064,25.67
2025-10-09 22:21:15.027615880+00:00,3.078,68.7,7064,25.67
2025-10-09 22:31:14.860326464+00:00,3.08,69.1,7064,25.69
2025-10-09 22:41:14.734380626+00:00,3.08,69.2,7064,25.65
2025-10-09 22:51:14.512651506+00:00,3.079,68.8,7064,25.65
2025-10-09 23:01:14.382976048+00:00,3.081,68.8,7064,25.63
2025-10-09 23:11:14.193016756+00:00,3.08,69.3,7064,25.63
2025-10-09 23:21:13.998734182+00:00,3.079,69.5,7064,25.63
2025-10-09 23:31:13.868459356+00:00,3.079,69.1,7064,25.6
2025-10-09 23:41:13.647503646+00:00,3.079,69.4,7064,25.6
2025-10-09 23:51:13.507394516+00:00,3.08,69.3,7064,25.6
2025-10-10 00:01:13.297215615+00:00,3.08,69.3,7064,25.57
2025-10-10 00:11:13.116737994+00:00,3.08,69.2,7064,25.52
2025-10-10 00:21:12.946483067+00:00,3.08,69.4,7064,25.51
2025-10-10 00:31:12.806731862+00:00,3.08,69.4,7064,25.5
2025-10-10 00:41:12.617209565+00:00,3.08,69.7,7064,25.47
2025-10-10 00:51:12.417047514+00:00,3.081,69.8,7064,25.41
2025-10-10 01:01:12.248903284+00:00,3.08,70.1,7064,25.38
2025-10-10 01:11:12.077417313+00:00,3.079,69.5,7064,25.36
2025-10-10 01:21:11.902184004+00:00,3.08,70.0,7064,25.33
2025-10-10 01:31:11.734042245+00:00,3.08,70.0,7064,25.31
2025-10-10 01:41:11.556819268+00:00,3.079,69.8,7064,25.3
2025-10-10 01:51:11.427925384+00:00,3.08,69.9,7064,25.24
2025-10-10 02:01:11.253297560+00:00,3.081,69.7,7064,25.23
2025-10-10 02:11:11.079914351+00:00,3.08,69.1,7064,25.17
2025-10-10 02:21:10.909160385+00:00,3.079,68.9,7064,25.06
2025-10-10 02:31:10.715998272+00:00,3.081,69.4,7064,24.96
2025-10-10 02:41:10.535120976+00:00,3.08,69.7,7064,24.96
2025-10-10 02:51:10.379294422+00:00,3.08,70.0,7064,24.92
2025-10-10 03:01:10.213291064+00:00,3.08,70.2,7064,24.9
2025-10-10 03:11:10.023492741+00:00,3.08,70.3,7064,24.89
2025-10-10 03:21:09.852238472+00:00,3.082,70.5,7064,24.9
2025-10-10 03:31:09.667845775+00:00,3.081,70.7,7064,24.89
2025-10-10 03:41:09.505807632+00:00,3.079,70.8,7064,24.89
2025-10-10 03:51:09.322489199+00:00,3.08,70.8,7064,24.89
2025-10-10 04:01:09.164445124+00:00,3.08,71.1,7064,24.9
2025-10-10 04:11:08.974685640+00:00,3.079,71.5,7064,24.92
2025-10-10 04:21:08.807956764+00:00,3.081,71.4,7064,24.9
2025-10-10 04:31:08.624981222+00:00,3.078,71.7,7064,24.9
2025-10-10 04:41:08.463817519+00:00,3.079,71.6,7064,24.87
2025-10-10 04:51:08.281602366+00:00,3.079,71.3,7064,24.87
2025-10-10 05:01:08.114782192+00:00,3.079,71.1,7064,24.86
2025-10-10 05:11:07.915645955+00:00,3.079,71.2,7064,24.86
2025-10-10 05:21:07.721259758+00:00,3.081,71.1,7064,24.83
2025-10-10 05:31:07.565477527+00:00,3.079,71.0,7064,24.85
2025-10-10 05:41:07.394082646+00:00,3.081,71.1,7064,24.81
2025-10-10 05:51:07.196094234+00:00,3.081,71.4,7064,24.81
2025-10-10 06:01:07.067499224+00:00,3.08,71.0,7064,24.79
2025-10-10 06:11:06.903042595+00:00,3.081,71.3,7064,24.75
2025-10-10 06:21:06.761409162+00:00,3.079,72.2,7064,24.71
2025-10-10 06:31:06.538941681+00:00,3.08,72.1,7064,24.65
2025-10-10 06:41:06.520590831+00:00,3.081,72.1,7064,24.61
2025-10-10 06:51:06.200080967+00:00,3.08,72.4,7064,24.61
2025-10-10 07:01:05.998638056+00:00,3.078,72.7,7064,24.61
2025-10-10 07:11:05.838636584+00:00,3.081,76.6,7091,24.86
2025-10-10 07:21:05.672128234+00:00,3.079,71.7,7091,24.75
2025-10-10 07:31:05.516866366+00:00,3.08,72.2,7091,24.65
2025-10-10 07:41:05.330928895+00:00,3.082,72.8,7091,24.64
2025-10-10 07:51:05.150286931+00:00,3.08,72.6,7091,24.75
2025-10-10 08:01:04.974381096+00:00,3.08,73.4,7091,24.76
2025-10-10 08:11:04.807903738+00:00,3.08,73.6,7091,24.78
2025-10-10 08:21:04.624415170+00:00,3.08,74.0,7091,24.9
2025-10-10 08:31:04.447341165+00:00,3.08,73.9,7091,25.12
2025-10-10 08:41:04.278555897+00:00,3.081,72.4,7091,25.21
2025-10-10 08:51:04.089990969+00:00,3.08,72.2,7091,25.31
2025-10-10 09:01:03.940187720+00:00,3.08,72.3,7091,25.41
2025-10-10 09:11:03.746572007+00:00,3.081,71.9,7091,25.57
2025-10-10 09:21:03.588054054+00:00,3.08,71.5,7091,25.67
2025-10-10 09:31:03.401195990+00:00,3.081,71.4,7091,25.76
2025-10-10 09:41:03.220076609+00:00,3.079,70.0,7091,25.85
2025-10-10 09:51:03.071559199+00:00,3.08,69.1,7091,25.93
2025-10-10 10:01:03.021816531+00:00,3.079,69.5,7091,25.99
2025-10-10 10:11:02.730494337+00:00,3.081,70.0,7091,26.03
2025-10-10 10:21:02.537799842+00:00,3.08,69.6,7091,26.09
2025-10-10 10:31:02.369910746+00:00,3.079,68.8,7091,26.12
2025-10-10 10:41:02.183342739+00:00,3.081,66.8,7091,26.18
2025-10-10 10:51:02.015162323+00:00,3.08,65.7,7091,26.2
2025-10-10 11:01:01.852794738+00:00,3.079,66.5,7091,26.22
2025-10-10 11:11:01.661077485+00:00,3.08,66.1,7091,26.22
2025-10-10 11:21:01.510983819+00:00,3.08,65.1,7091,26.23
2025-10-10 11:31:01.285697374+00:00,3.079,64.9,7091,26.24
2025-10-10 11:41:01.115834335+00:00,3.081,65.6,7091,26.24
2025-10-10 11:51:00.932362797+00:00,3.079,65.8,7091,26.2
2025-10-10 12:01:00.747924727+00:00,3.08,66.3,7091,26.2
2025-10-10 12:11:00.576093874+00:00,3.079,66.4,7091,26.19
2025-10-10 12:21:00.416707730+00:00,3.08,66.8,7091,26.22
2025-10-10 12:31:00.228443563+00:00,3.079,67.2,7091,26.15
2025-10-10 12:41:00.045021184+00:00,3.08,67.1,7091,26.06
2025-10-10 12:50:59.885542531+00:00,3.079,66.5,7091,25.96
2025-10-10 13:00:59.714132895+00:00,3.08,66.8,7091,25.91
2025-10-10 13:10:59.542555015+00:00,3.08,66.4,7091,25.89
2025-10-10 13:20:59.382348574+00:00,3.08,66.2,7091,25.88
2025-10-10 13:30:59.241200401+00:00,3.08,65.2,7091,25.88
2025-10-10 13:40:59.026603340+00:00,3.079,64.6,7091,25.88
2025-10-10 13:50:58.848175210+00:00,3.081,64.3,7091,25.85
2025-10-10 14:00:58.676558402+00:00,3.08,65.2,7091,25.85
2025-10-10 14:10:58.504403844+00:00,3.079,66.7,7091,25.84
2025-10-10 14:20:58.322505218+00:00,3.08,67.1,7091,25.85
2025-10-10 14:30:58.138002417+00:00,3.079,67.5,7091,25.88
2025-10-10 14:40:57.970596796+00:00,3.081,67.9,7091,25.89
2025-10-10 14:50:57.819308125+00:00,3.08,68.4,7091,25.99
2025-10-10 15:00:57.612984007+00:00,3.08,68.3,7091,26.03
2025-10-10 15:10:57.496973291+00:00,3.08,68.0,7091,26.06
2025-10-10 15:20:57.322276021+00:00,3.08,66.3,7091,26.15
2025-10-10 15:30:57.108710198+00:00,3.08,64.5,7091,26.18
2025-10-10 15:40:56.920559133+00:00,3.08,64.3,7091,26.22
2025-10-10 15:50:56.750862724+00:00,3.08,64.1,7091,26.24
2025-10-10 16:00:56.576291201+00:00,3.08,63.6,7091,26.26
2025-10-10 16:10:56.434488728+00:00,3.08,64.0,7091,26.26
2025-10-10 16:20:56.257587068+00:00,3.081,61.1,7091,26.33
2025-10-10 16:30:56.088786528+00:00,3.081,61.8,7091,26.31
2025-10-10 16:40:55.920078988+00:00,3.079,61.7,7091,26.29
2025-10-10 16:50:55.765922642+00:00,3.08,62.3,7091,26.26
2025-10-10 17:00:55.529311358+00:00,3.08,62.8,7091,26.22
2025-10-10 17:10:55.385650208+00:00,3.081,62.8,7091,26.24
2025-10-10 17:20:55.196890971+00:00,3.08,62.4,7091,26.22
2025-10-10 17:30:55.024666741+00:00,3.08,62.8,7091,26.19
2025-10-10 17:40:54.845034609+00:00,3.08,63.3,7091,26.19
2025-10-10 17:50:54.670101161+00:00,3.081,63.3,7091,26.16
2025-10-10 18:00:54.497255830+00:00,3.079,63.8,7091,26.16
2025-10-10 18:10:54.325176963+00:00,3.08,62.9,7091,26.11
2025-10-10 18:20:54.173274972+00:00,3.079,61.9,7091,26.09
2025-10-10 18:30:54.008019660+00:00,3.081,59.7,7091,26.03
2025-10-10 18:40:53.801192066+00:00,3.08,59.8,7091,25.95
2025-10-10 18:50:53.637323850+00:00,3.08,59.9,7091,25.88
2025-10-10 19:00:53.465289757+00:00,3.08,61.1,7091,25.81
2025-10-10 19:10:53.277852604+00:00,3.079,62.2,7091,25.79
2025-10-10 19:20:53.118988265+00:00,3.08,62.2,7091,25.78
2025-10-10 19:30:52.929979775+00:00,3.079,62.9,7091,25.76
2025-10-10 19:40:52.736920209+00:00,3.081,63.7,7091,25.74
2025-10-10 19:50:52.580485979+00:00,3.079,64.6,7091,25.74
2025-10-10 20:00:52.520676610+00:00,3.08,64.2,7091,25.63
2025-10-10 20:10:52.268807782+00:00,3.08,64.5,7091,25.58
2025-10-10 20:20:52.065822828+00:00,3.08,64.7,7091,25.45
2025-10-13 03:09:54.780277770+00:00,3.084,66.3,7190,25.65
2025-10-13 03:19:54.610686651+00:00,3.083,66.2,7190,25.67
2025-10-13 03:29:54.436634410+00:00,3.082,66.5,7190,25.65
2025-10-13 03:39:54.261514371+00:00,3.084,66.3,7190,25.67
2025-10-13 03:49:54.088344169+00:00,3.083,65.9,7190,25.68
2025-10-13 03:59:53.913110355+00:00,3.083,65.9,7190,25.67
2025-10-13 04:09:53.746436362+00:00,3.082,66.4,7190,25.67
2025-10-13 04:19:53.564211100+00:00,3.083,65.6,7190,25.67
2025-10-13 04:29:53.384321336+00:00,3.082,66.0,7190,25.61
2025-10-13 04:39:53.255851788+00:00,3.084,66.4,7190,25.57
2025-10-13 04:49:53.066023809+00:00,3.084,66.5,7190,25.58
2025-10-13 04:59:52.872579173+00:00,3.083,66.7,7190,25.57
2025-10-13 05:09:52.702653277+00:00,3.081,66.7,7190,25.6
2025-10-13 05:19:52.516438985+00:00,3.083,66.6,7190,25.57
2025-10-13 05:29:52.363062052+00:00,3.083,66.7,7190,25.6
2025-10-13 05:39:52.171508343+00:00,3.084,66.3,7190,25.58
2025-10-13 05:49:52.032778197+00:00,3.083,66.9,7190,25.44
2025-10-13 05:59:51.876079154+00:00,3.085,68.5,7190,25.38
2025-10-13 06:09:51.640091716+00:00,3.082,67.9,7190,25.3
2025-10-13 06:19:51.475564684+00:00,3.082,67.5,7190,25.3
2025-10-13 06:29:51.336301178+00:00,3.083,67.2,7190,25.29
2025-10-13 06:39:51.155036247+00:00,3.084,66.7,7190,25.34
2025-10-13 06:49:50.993760844+00:00,3.083,66.4,7190,25.37
2025-10-13 06:59:50.814881772+00:00,3.084,66.1,7190,25.41
2025-10-13 07:09:50.645280579+00:00,3.082,66.2,7190,25.44
2025-10-13 07:19:50.472266601+00:00,3.083,66.3,7190,25.48
2025-10-13 07:29:50.309539006+00:00,3.081,66.2,7190,25.56
2025-10-13 07:39:50.119249403+00:00,3.084,66.5,7190,25.63
2025-10-13 07:49:49.945847940+00:00,3.084,66.4,7190,25.75
2025-10-13 07:59:49.739581784+00:00,3.082,66.5,7190,25.85
2025-10-13 08:09:49.563174284+00:00,3.085,66.5,7190,25.95
2025-10-13 08:19:49.391586096+00:00,3.083,66.2,7190,26.06
2025-10-13 08:29:49.218167773+00:00,3.083,66.1,7190,26.16
2025-10-13 08:39:49.043380167+00:00,3.084,65.9,7190,26.24
2025-10-13 08:49:48.870124554+00:00,3.084,65.7,7190,26.3
2025-10-13 08:59:48.721773067+00:00,3.084,65.4,7190,26.4
2025-10-13 09:09:48.539104070+00:00,3.084,65.1,7190,26.46
2025-10-13 09:19:48.375539176+00:00,3.084,65.3,7190,26.49
2025-10-13 09:29:48.195983494+00:00,3.082,65.3,7190,26.53
2025-10-13 09:39:47.998481597+00:00,3.084,65.6,7190,26.6
2025-10-13 09:49:47.828400958+00:00,3.083,65.9,7190,26.62
2025-10-13 09:59:47.674383607+00:00,3.082,65.7,7190,26.65
2025-10-13 10:09:47.499757349+00:00,3.083,64.7,7190,26.67
2025-10-13 10:19:47.305650765+00:00,3.085,65.1,7190,26.7
2025-10-13 10:27:13.140226060+00:00,3.084,65.0,7191,26.7
2025-10-13 10:29:47.152212236+00:00,3.083,64.7,7194,27.25
2025-10-13 10:33:02.075636927+00:00,3.083,62.6,7195,27.92
2025-10-13 10:39:46.948953483+00:00,3.082,59.6,7217,28.9
2025-10-13 10:44:43.379074864+00:00,3.083,59.2,7218,28.93
2025-10-13 10:46:56.684122850+00:00,3.082,59.5,7219,28.94
2025-10-13 10:49:15.452378185+00:00,3.084,59.4,7225,28.94
2025-10-13 10:49:46.804678736+00:00,3.084,59.3,7251,28.96
2025-10-13 10:51:16.407775764+00:00,3.082,59.1,7262,28.94
2025-10-13 10:53:17.992035333+00:00,3.082,59.0,7277,28.93
2025-10-13 10:55:21.124955052+00:00,3.081,59.0,7287,28.9
2025-10-13 10:57:26.325892037+00:00,3.082,59.1,7320,28.87
2025-10-13 10:59:28.907825032+00:00,3.083,59.1,7341,28.82
2025-10-13 10:59:46.632157951+00:00,3.082,59.1,7345,28.86
2025-10-13 11:09:46.449849479+00:00,3.083,59.1,7357,28.67
2025-10-13 11:19:46.259540315+00:00,3.082,59.4,7357,28.56
2025-10-13 11:21:35.406728306+00:00,3.083,58.9,7358,28.54
2025-10-13 11:29:46.072033246+00:00,3.084,60.5,7371,27.91
2025-10-13 11:39:45.938841517+00:00,3.083,60.4,7371,27.44
2025-10-13 11:45:36.097739595+00:00,3.085,64.3,7372,27.32
2025-10-13 11:49:06.283873771+00:00,3.082,64.2,7380,27.3
2025-10-13 11:49:45.758060128+00:00,3.083,66.1,7388,27.32
2025-10-13 11:59:45.588291823+00:00,3.083,64.2,7388,27.3
2025-10-13 12:09:45.388293457+00:00,3.083,63.6,7388,27.17
2025-10-13 12:19:45.236786719+00:00,3.084,63.2,7388,27.1
2025-10-13 12:29:45.048872630+00:00,3.084,63.7,7388,27.09
2025-10-13 12:39:44.861581374+00:00,3.083,63.8,7388,27.08
2025-10-13 12:49:44.728145151+00:00,3.082,64.2,7388,27.06
2025-10-13 12:59:44.560984712+00:00,3.082,64.3,7388,27.06
2025-10-13 13:09:44.369087009+00:00,3.084,64.3,7388,27.06
2025-10-13 13:19:44.162815196+00:00,3.084,64.1,7388,27.08
2025-10-13 13:29:43.993768962+00:00,3.083,62.6,7388,27.12
2025-10-13 13:39:43.815539051+00:00,3.083,61.8,7388,27.12
2025-10-13 13:49:43.641931803+00:00,3.083,61.7,7388,27.19
2025-10-13 13:59:43.476234898+00:00,3.084,61.4,7388,27.17
2025-10-13 14:09:43.329433930+00:00,3.084,61.8,7388,27.22
2025-10-13 14:19:43.162614544+00:00,3.082,61.6,7388,27.21
2025-10-13 14:29:42.983455280+00:00,3.082,60.7,7388,27.13
2025-10-13 14:39:42.820518449+00:00,3.083,62.0,7388,27.06
2025-10-13 14:49:42.635674892+00:00,3.083,62.2,7388,27.05
2025-10-13 14:59:42.437767465+00:00,3.084,62.4,7388,27.01
2025-10-13 15:09:42.293974773+00:00,3.084,63.2,7388,26.94
2025-10-13 15:19:42.074281996+00:00,3.083,64.3,7388,26.92
2025-10-13 15:29:41.907923756+00:00,3.082,64.7,7388,26.92
2025-10-13 15:39:41.740558694+00:00,3.083,65.5,7388,26.91
2025-10-13 15:49:41.590918532+00:00,3.083,65.7,7388,26.89
2025-10-13 15:59:41.387097003+00:00,3.083,66.3,7388,26.94
2025-10-13 16:09:41.199483854+00:00,3.083,66.7,7388,26.92
2025-10-13 16:19:41.030364900+00:00,3.084,67.2,7388,26.92
2025-10-13 16:29:40.893937559+00:00,3.085,66.9,7388,26.94
2025-10-13 16:39:40.684084142+00:00,3.084,66.9,7388,26.94
2025-10-13 16:49:40.517712441+00:00,3.083,68.1,7388,26.94
2025-10-13 16:59:40.355303591+00:00,3.083,68.8,7388,26.92
2025-10-13 17:09:40.176342050+00:00,3.083,68.4,7388,26.94
2025-10-13 17:19:39.995981963+00:00,3.084,68.4,7388,26.94
2025-10-13 17:29:39.821896110+00:00,3.083,68.5,7388,26.91
2025-10-13 17:39:39.643663520+00:00,3.082,68.6,7388,26.95
2025-10-13 17:49:39.485806060+00:00,3.084,68.4,7388,26.91
2025-10-13 17:59:39.296515835+00:00,3.083,68.2,7388,26.91
2025-10-13 18:09:39.132619036+00:00,3.082,68.3,7388,26.89
2025-10-13 18:19:38.983721067+00:00,3.083,68.4,7388,26.86
2025-10-13 18:29:38.822516139+00:00,3.083,68.4,7388,26.86
2025-10-13 18:39:38.649965479+00:00,3.082,68.1,7388,26.79
2025-10-13 18:49:38.456777765+00:00,3.084,68.3,7388,26.77
2025-10-13 18:59:38.285506657+00:00,3.083,68.3,7388,26.74
2025-10-13 19:09:38.116601067+00:00,3.083,68.5,7388,26.73
2025-10-13 19:19:37.948564231+00:00,3.084,68.7,7388,26.68
2025-10-13 19:29:37.766254463+00:00,3.083,68.8,7388,26.64
2025-10-13 19:39:37.586390657+00:00,3.083,69.2,7388,26.61
2025-10-13 19:49:37.409870090+00:00,3.084,69.1,7388,26.58
2025-10-13 19:59:37.203244671+00:00,3.084,69.0,7388,26.51
2025-10-13 20:09:37.043813992+00:00,3.084,69.0,7388,26.54
2025-10-13 20:19:36.893906795+00:00,3.085,68.5,7388,26.57
2025-10-13 20:29:36.722903945+00:00,3.085,68.1,7388,26.62
2025-10-13 20:39:36.549442420+00:00,3.083,68.5,7388,26.62
2025-10-13 20:49:36.329999623+00:00,3.083,68.5,7388,26.64
2025-10-13 20:59:36.166321972+00:00,3.084,68.3,7388,26.62
2025-10-13 21:09:35.997478140+00:00,3.084,68.1,7388,26.65
2025-10-13 21:19:35.854491089+00:00,3.085,67.8,7388,26.64
2025-10-13 21:29:35.681971177+00:00,3.083,68.3,7388,26.58
2025-10-13 21:39:35.483549090+00:00,3.084,68.8,7388,26.6
2025-10-13 21:49:35.338290465+00:00,3.084,68.3,7388,26.55
2025-10-13 21:59:35.176993017+00:00,3.085,68.9,7388,26.53
2025-10-13 22:09:34.985505190+00:00,3.083,69.1,7388,26.54
2025-10-13 22:19:34.813177273+00:00,3.086,69.4,7388,26.53
2025-10-13 22:29:34.646684140+00:00,3.084,69.6,7388,26.51
2025-10-13 22:39:34.466024460+00:00,3.083,69.2,7388,26.49
2025-10-13 22:49:34.303098356+00:00,3.084,69.3,7388,26.47
2025-10-13 22:59:34.128287962+00:00,3.083,69.5,7388,26.46
2025-10-13 23:09:33.933121828+00:00,3.084,69.3,7388,26.47
2025-10-13 23:19:33.729349153+00:00,3.085,69.6,7388,26.41
2025-10-13 23:29:33.574120416+00:00,3.084,69.3,7388,26.4
2025-10-13 23:39:33.383921107+00:00,3.084,68.5,7388,26.36
2025-10-13 23:49:33.222628063+00:00,3.084,67.9,7388,26.34
2025-10-13 23:59:33.042528910+00:00,3.085,67.2,7388,26.3
2025-10-14 00:09:32.856789969+00:00,3.085,67.2,7388,26.27
2025-10-14 00:19:32.692480789+00:00,3.084,67.4,7388,26.26
2025-10-14 00:29:32.506041191+00:00,3.085,67.8,7388,26.24
2025-10-14 00:39:32.333968266+00:00,3.084,67.8,7388,26.23
2025-10-14 00:49:32.169015605+00:00,3.083,68.1,7388,26.24
2025-10-14 00:59:32.004440619+00:00,3.086,68.2,7388,26.22
2025-10-14 01:09:31.819359990+00:00,3.084,68.0,7388,26.2
2025-10-14 01:19:31.654150094+00:00,3.084,68.4,7388,26.2
2025-10-14 01:29:31.469907267+00:00,3.084,68.8,7388,26.19
2025-10-14 01:39:31.320136513+00:00,3.084,68.7,7388,26.19
2025-10-14 01:49:31.173941994+00:00,3.084,68.4,7388,26.16
2025-10-14 01:59:30.965429471+00:00,3.084,68.1,7388,26.15
2025-10-14 02:09:30.806853869+00:00,3.085,68.3,7388,26.15
2025-10-14 02:19:30.621476015+00:00,3.085,68.4,7388,26.13
2025-10-14 02:29:30.447136411+00:00,3.084,68.4,7388,26.12
2025-10-14 02:39:30.296655614+00:00,3.084,67.8,7388,26.09
2025-10-14 02:49:30.106158420+00:00,3.084,67.8,7388,26.09
2025-10-14 02:59:29.935929225+00:00,3.083,68.3,7388,26.09
2025-10-14 03:09:29.785745504+00:00,3.083,68.2,7388,26.06
2025-10-14 03:19:29.595169130+00:00,3.085,68.5,7388,26.02
2025-10-14 03:29:29.383591406+00:00,3.086,68.4,7388,26.02
2025-10-14 03:39:29.248183528+00:00,3.083,68.1,7388,26.03
2025-10-14 03:49:29.055677355+00:00,3.085,67.9,7388,26.02
2025-10-14 03:59:28.886531241+00:00,3.081,67.6,7388,25.99
2025-10-14 04:09:28.667783533+00:00,3.085,67.9,7388,25.99
2025-10-14 04:19:28.519546323+00:00,3.084,68.0,7388,25.98
2025-10-14 04:29:28.353278498+00:00,3.084,67.7,7388,25.98
2025-10-14 04:39:28.152826710+00:00,3.086,67.8,7388,25.92
2025-10-14 04:49:27.974828209+00:00,3.084,67.7,7388,25.95
2025-10-14 04:59:27.812836052+00:00,3.084,68.2,7388,25.95
2025-10-14 05:09:27.629028567+00:00,3.085,68.1,7388,25.91
2025-10-14 05:19:27.452034827+00:00,3.084,68.0,7388,25.88
2025-10-14 05:29:27.367125527+00:00,3.084,67.8,7388,25.86
2025-10-14 05:39:27.111404704+00:00,3.085,67.8,7388,25.84
2025-10-14 05:49:26.926772826+00:00,3.084,67.7,7388,25.78
2025-10-14 05:59:26.752986434+00:00,3.085,67.5,7388,25.74
2025-10-14 06:09:26.614460650+00:00,3.085,66.8,7388,25.71
2025-10-14 06:19:26.444547226+00:00,3.085,66.7,7388,25.65
2025-10-14 06:29:26.231096218+00:00,3.084,67.2,7388,25.65
2025-10-14 06:39:26.053498468+00:00,3.085,67.5,7388,25.6
2025-10-14 06:49:25.878466438+00:00,3.084,68.4,7388,25.52
2025-10-14 06:59:25.696587629+00:00,3.085,68.0,7388,25.41
2025-10-14 07:09:25.579479471+00:00,3.085,69.0,7388,25.41
2025-10-14 07:19:25.400136344+00:00,3.086,68.6,7388,25.44
2025-10-14 07:23:28.647050841+00:00,3.084,68.4,7389,25.47
2025-10-14 07:29:25.240408923+00:00,3.083,67.1,7391,25.95
2025-10-14 07:39:25.054984805+00:00,3.084,65.8,7391,26.33
2025-10-14 07:49:13.244475514+00:00,3.086,65.6,7392,26.47
2025-10-14 07:49:24.881667213+00:00,3.084,65.7,7392,26.5
2025-10-14 07:51:18.327951555+00:00,3.085,65.1,7410,26.64
2025-10-14 07:53:18.604329917+00:00,3.085,64.9,7423,26.67
2025-10-14 07:55:46.382509216+00:00,3.085,64.9,7430,26.67
2025-10-14 07:59:24.683892411+00:00,3.086,64.8,7433,26.67
2025-10-14 08:02:25.888422288+00:00,3.084,64.9,7434,26.68
2025-10-14 08:09:24.510039401+00:00,3.085,64.5,7436,26.78
2025-10-14 08:12:31.968186771+00:00,3.085,66.5,7437,26.88
2025-10-14 08:19:24.313466255+00:00,3.084,67.5,7440,26.15
2025-10-14 08:19:41.331082165+00:00,3.084,67.7,7441,26.11
2025-10-14 08:23:29.312182056+00:00,3.084,68.9,7442,25.61
2025-10-14 08:29:00.560734909+00:00,3.086,70.1,7444,25.21
2025-10-14 08:29:24.143937370+00:00,3.085,69.9,7445,25.17
2025-10-14 08:39:24.020984422+00:00,3.085,71.8,7445,24.78
2025-10-14 08:41:57.420769287+00:00,3.085,72.3,7446,24.75
2025-10-14 08:49:23.831325567+00:00,3.084,72.9,7447,24.64
2025-10-14 08:52:53.342260659+00:00,3.086,72.9,7448,24.58
2025-10-14 08:59:23.647470680+00:00,3.085,73.5,7449,24.53
2025-10-14 09:09:23.455668615+00:00,3.084,73.0,7449,24.45
2025-10-14 09:13:10.355895714+00:00,3.085,73.1,7450,24.44
2025-10-14 09:15:19.962508729+00:00,3.084,73.7,7457,24.42
2025-10-14 09:17:25.989223225+00:00,3.084,74.1,7467,24.44
2025-10-14 09:19:23.269140137+00:00,3.085,74.8,7477,24.41
2025-10-14 09:19:36.717006240+00:00,3.083,74.8,7479,24.42
2025-10-14 09:22:11.434811935+00:00,3.085,75.3,7485,24.42
2025-10-14 09:24:15.754169853+00:00,3.085,74.9,7487,24.41
2025-10-14 09:29:23.108922098+00:00,3.086,75.3,7490,24.44
2025-10-14 09:31:46.898564396+00:00,3.086,75.1,7491,24.42
2025-10-14 09:39:22.971396853+00:00,3.085,74.4,7492,24.44
2025-10-14 09:49:22.785812215+00:00,3.084,74.0,7492,24.47
2025-10-14 09:54:39.527933209+00:00,3.085,73.7,7493,24.5
2025-10-14 09:56:51.156483136+00:00,3.084,73.8,7496,24.48
2025-10-14 09:59:22.572024117+00:00,3.084,73.9,7497,24.51
2025-10-14 10:01:10.364470724+00:00,3.085,75.2,7498,24.51
2025-10-14 10:09:22.435664482+00:00,3.085,76.1,7499,24.54
2025-10-14 10:11:24.615952647+00:00,3.085,76.7,7500,24.58
2025-10-14 10:18:25.776374445+00:00,3.085,75.5,7502,24.61
2025-10-14 10:19:22.328179619+00:00,3.085,75.0,7502,24.62
2025-10-14 10:29:22.086544222+00:00,3.085,74.5,7502,24.66
2025-10-14 10:36:13.384387473+00:00,3.085,73.6,7503,24.72
2025-10-14 10:39:21.922908+00:00,3.085,73.6,7504,24.75
2025-10-14 10:49:21.755198908+00:00,3.084,73.9,7504,24.76
2025-10-14 10:59:21.529249519+00:00,3.084,74.2,7504,24.81
2025-10-14 11:01:02.205280810+00:00,3.085,73.9,7505,24.83
2025-10-14 11:04:27.937228079+00:00,3.086,73.9,7510,24.85
2025-10-14 11:09:21.360950034+00:00,3.084,74.0,7511,24.87
2025-10-14 11:09:54.196732327+00:00,3.083,74.0,7512,24.92
2025-10-14 11:19:21.222281454+00:00,3.084,74.1,7513,24.97
2025-10-14 11:19:44.400473541+00:00,3.086,74.1,7514,24.96
2025-10-14 11:24:05.699845464+00:00,3.086,72.9,7515,24.97
2025-10-14 11:28:24.422663331+00:00,3.086,72.8,7516,24.97
2025-10-14 11:29:21.053160015+00:00,3.085,72.7,7516,24.99
2025-10-14 11:39:20.874804535+00:00,3.084,73.0,7516,25.05
2025-10-14 11:45:49.872120261+00:00,3.084,73.7,7517,25.08
2025-10-14 11:49:20.695415354+00:00,3.085,73.9,7518,25.12
2025-10-14 11:53:16.078768120+00:00,3.084,73.8,7519,25.14
2025-10-14 11:59:20.531694678+00:00,3.083,73.6,7521,25.2
2025-10-14 12:06:05.156017062+00:00,3.084,73.2,7522,25.23
2025-10-14 12:09:20.363513787+00:00,3.085,73.4,7523,25.23
2025-10-14 12:10:07.399558849+00:00,3.083,73.5,7524,25.23
2025-10-14 12:14:06.337380279+00:00,3.083,73.6,7526,25.27
2025-10-14 12:19:20.148177278+00:00,3.085,72.9,7526,25.31
2025-10-14 12:28:34.666193215+00:00,3.084,73.4,7527,25.42
2025-10-14 12:29:19.961509193+00:00,3.086,73.2,7527,25.44
2025-10-14 12:34:21.252103489+00:00,3.085,72.9,7532,25.44
2025-10-14 12:39:19.826052655+00:00,3.085,73.2,7534,25.45
2025-10-14 12:46:06.868494972+00:00,3.084,72.6,7535,25.52
2025-10-14 12:48:10.864016841+00:00,3.084,72.6,7536,25.54
2025-10-14 12:49:19.615347677+00:00,3.084,72.4,7536,25.56
2025-10-14 12:59:19.445769033+00:00,3.084,71.6,7536,25.58
2025-10-14 13:09:19.327335041+00:00,3.085,68.1,7536,25.58
2025-10-14 13:10:06.193409831+00:00,3.083,68.1,7537,25.58
2025-10-14 13:19:19.135485766+00:00,3.085,67.0,7537,25.48
2025-10-14 13:29:18.956647920+00:00,3.084,66.7,7537,25.37
2025-10-14 13:39:18.778751817+00:00,3.084,66.4,7537,25.29
2025-10-14 13:40:32.588858143+00:00,3.084,66.5,7538,25.3
2025-10-14 13:45:54.636838289+00:00,3.084,66.6,7540,25.24
2025-10-14 13:48:03.721008099+00:00,3.085,66.4,7542,25.24
2025-10-14 13:49:18.611316973+00:00,3.085,66.3,7542,25.24
2025-10-14 13:59:18.412132309+00:00,3.085,66.6,7542,25.21
2025-10-14 14:01:23.052064182+00:00,3.084,66.8,7543,25.21
2025-10-14 14:09:18.215514965+00:00,3.085,66.9,7544,25.23
2025-10-14 14:19:18.071882583+00:00,3.084,67.2,7544,25.26
2025-10-14 14:29:17.879714810+00:00,3.084,66.4,7544,25.27
2025-10-14 14:39:17.700504090+00:00,3.085,66.6,7544,25.3
2025-10-14 14:48:01.754159841+00:00,3.083,66.9,7545,25.27
2025-10-14 14:49:17.562165874+00:00,3.085,66.9,7545,25.29
2025-10-14 14:59:17.388778228+00:00,3.085,67.3,7546,25.23
2025-10-14 15:08:50.752768177+00:00,3.084,67.5,7547,25.23
2025-10-14 15:09:17.175272368+00:00,3.084,67.5,7548,25.21
2025-10-14 15:13:01.851719178+00:00,3.083,67.5,7552,25.2
2025-10-14 15:19:17.001981766+00:00,3.084,67.7,7552,25.16
2025-10-14 15:29:16.823541565+00:00,3.083,68.6,7552,25.1
2025-10-14 15:39:16.659295589+00:00,3.084,69.2,7552,25.06
2025-10-14 15:49:07.798019387+00:00,3.085,69.9,7553,25.02
2025-10-14 15:49:16.472019333+00:00,3.084,69.9,7553,25.03
2025-10-14 15:59:16.308510558+00:00,3.085,70.6,7555,25.06
2025-10-14 16:09:16.163430941+00:00,3.084,70.8,7555,25.1
2025-10-14 16:19:15.986268651+00:00,3.084,70.6,7555,25.16
2025-10-14 16:29:15.772917626+00:00,3.084,69.9,7555,25.16
2025-10-14 16:39:15.598077799+00:00,3.084,68.9,7555,25.19
2025-10-14 16:49:15.466779012+00:00,3.083,68.4,7555,25.16
2025-10-14 16:59:15.298208286+00:00,3.085,68.6,7555,25.2
2025-10-14 17:09:15.123016328+00:00,3.084,68.6,7555,25.19
2025-10-14 17:19:14.996083139+00:00,3.084,68.9,7555,25.17
2025-10-14 17:29:14.776850012+00:00,3.084,69.1,7555,25.17
2025-10-14 17:39:14.598757164+00:00,3.084,69.4,7555,25.17
2025-10-14 17:44:46.988729287+00:00,3.085,69.5,7556,25.2
2025-10-14 17:48:06.216635974+00:00,3.084,69.2,7561,25.16
2025-10-14 17:49:14.419539562+00:00,3.084,69.1,7562,25.17
2025-10-14 17:51:27.707814626+00:00,3.084,69.1,7563,25.17
2025-10-14 17:53:38.137414745+00:00,3.085,68.9,7572,25.16
2025-10-14 17:56:10.287918450+00:00,3.084,68.6,7579,25.16
2025-10-14 17:58:22.814505538+00:00,3.083,68.7,7582,25.14
2025-10-14 17:59:14.258356106+00:00,3.084,68.4,7583,25.17
2025-10-14 18:00:23.514956945+00:00,3.083,68.5,7587,25.14
2025-10-14 18:02:24.298973530+00:00,3.083,68.7,7598,25.14
2025-10-14 18:09:14.064175644+00:00,3.084,69.0,7598,25.1
2025-10-14 18:11:06.073793699+00:00,3.083,69.1,7599,25.12
2025-10-14 18:13:17.082819830+00:00,3.084,68.9,7603,25.09
2025-10-14 18:15:47.779683442+00:00,3.084,69.0,7605,25.1
2025-10-14 18:19:13.896987642+00:00,3.082,69.3,7606,25.09
2025-10-14 18:24:12.998253696+00:00,3.083,69.3,7607,25.12
2025-10-14 18:26:16.577784435+00:00,3.083,69.1,7615,25.1
2025-10-14 18:28:35.769486491+00:00,3.083,69.2,7618,25.08
2025-10-14 18:29:13.676319890+00:00,3.084,69.2,7619,25.09
2025-10-14 18:39:13.508342558+00:00,3.085,69.6,7619,25.05
2025-10-14 18:41:23.908344784+00:00,3.083,69.8,7620,25.05
2025-10-14 18:48:35.969512806+00:00,3.083,70.1,7622,25.05
2025-10-14 18:49:13.381530335+00:00,3.084,70.2,7623,25.08
2025-10-14 18:50:50.083199723+00:00,3.084,70.3,7626,25.09
2025-10-14 18:53:04.838429294+00:00,3.084,70.2,7632,25.06
2025-10-14 18:56:00.017097687+00:00,3.083,70.8,7634,25.08
2025-10-14 18:59:13.204763273+00:00,3.084,70.6,7635,25.08
2025-10-14 19:04:35.726886843+00:00,3.082,72.1,7636,25.13
2025-10-14 19:07:07.959035676+00:00,3.085,73.0,7641,25.14
2025-10-14 19:13:53.284895999+00:00,3.085,72.9,7642,25.2
2025-10-14 19:19:12.864122167+00:00,3.082,74.6,7650,25.23
2025-10-14 19:20:42.602502408+00:00,3.083,73.7,7651,25.24
2025-10-14 19:29:12.671573385+00:00,3.084,72.6,7653,25.21
2025-10-14 19:33:36.216975820+00:00,3.085,71.0,7654,25.19
2025-10-14 19:36:45.983504295+00:00,3.083,70.9,7656,25.19
2025-10-14 19:39:12.495757903+00:00,3.083,70.3,7659,25.16
2025-10-14 19:39:32.071279858+00:00,3.085,70.2,7660,25.16
2025-10-14 19:43:25.398788729+00:00,3.083,69.9,7662,25.12
2025-10-14 19:46:15.454665079+00:00,3.083,69.6,7664,25.1
2025-10-14 19:48:17.080389738+00:00,3.083,69.5,7669,25.08
2025-10-14 19:49:12.331676933+00:00,3.085,68.9,7670,25.06
2025-10-14 19:51:15.701168882+00:00,3.086,69.1,7671,25.05
2025-10-14 19:54:29.257760152+00:00,3.082,69.4,7675,25.03
2025-10-14 19:57:38.112881403+00:00,3.085,69.3,7681,25.02
2025-10-14 19:59:12.156714022+00:00,3.084,69.4,7686,25.02
2025-10-14 20:02:28.023239972+00:00,3.084,69.4,7690,25.02
2025-10-14 20:09:11.935135416+00:00,3.083,69.0,7691,25.03
2025-10-14 20:11:07.133014501+00:00,3.083,69.3,7692,25.0
2025-10-14 20:14:07.799264954+00:00,3.083,69.9,7695,25.0
2025-10-14 20:19:11.770918780+00:00,3.084,69.4,7696,25.0
2025-10-14 20:29:11.598972685+00:00,3.084,69.5,7696,24.99
2025-10-14 20:39:11.413881190+00:00,3.084,69.9,7696,25.03
2025-10-14 20:49:11.261137958+00:00,3.084,70.0,7696,25.03
2025-10-14 20:50:21.885562039+00:00,3.083,69.8,7697,25.02
2025-10-14 20:57:49.942035859+00:00,3.083,69.7,7701,25.0
2025-10-14 20:59:11.079709945+00:00,3.084,69.4,7710,25.0
2025-10-14 21:09:10.900206087+00:00,3.084,70.2,7710,25.0
